--
-- PostgreSQL database dump
--

-- Dumped from database version 16.2
-- Dumped by pg_dump version 16.2

-- Started on 2024-04-23 18:47:44

SET statement_timeout = 0;
SET lock_timeout = 0;
SET idle_in_transaction_session_timeout = 0;
SET client_encoding = 'UTF8';
SET standard_conforming_strings = on;
SELECT pg_catalog.set_config('search_path', '', false);
SET check_function_bodies = false;
SET xmloption = content;
SET client_min_messages = warning;
SET row_security = off;

SET default_tablespace = '';

SET default_table_access_method = heap;

--
-- TOC entry 215 (class 1259 OID 16589)
-- Name: customers; Type: TABLE; Schema: public; Owner: postgres
--

CREATE TABLE public.customers (
    customer_id character varying(50) NOT NULL,
    customer_zipcode character varying(25) NOT NULL,
    customer_city character varying(25) NOT NULL,
    customer_state character varying(25) NOT NULL
);


ALTER TABLE public.customers OWNER TO postgres;

--
-- TOC entry 222 (class 1259 OID 16677)
-- Name: orderdetails; Type: TABLE; Schema: public; Owner: postgres
--

CREATE TABLE public.orderdetails (
    order_id character varying(50) NOT NULL,
    product_id character varying(50) NOT NULL,
    seller_id character varying(50) NOT NULL,
    shipping_date character varying(25) NOT NULL,
    price real NOT NULL,
    freight_value real NOT NULL
);


ALTER TABLE public.orderdetails OWNER TO postgres;

--
-- TOC entry 216 (class 1259 OID 16605)
-- Name: orders; Type: TABLE; Schema: public; Owner: postgres
--

CREATE TABLE public.orders (
    order_id character varying(50) NOT NULL,
    customer_id character varying(50) NOT NULL,
    order_state character varying(25) NOT NULL,
    purchase_time character varying(50) NOT NULL,
    delivery_time character varying(50)
);


ALTER TABLE public.orders OWNER TO postgres;

--
-- TOC entry 217 (class 1259 OID 16617)
-- Name: payments; Type: TABLE; Schema: public; Owner: postgres
--

CREATE TABLE public.payments (
    order_id character varying(50) NOT NULL,
    payment_sequential integer NOT NULL,
    payment_type character varying(25) NOT NULL,
    payment_installments integer NOT NULL,
    payment_value real NOT NULL
);


ALTER TABLE public.payments OWNER TO postgres;

--
-- TOC entry 220 (class 1259 OID 16657)
-- Name: productdim; Type: TABLE; Schema: public; Owner: postgres
--

CREATE TABLE public.productdim (
    product_id character varying(50) NOT NULL,
    product_weight integer NOT NULL,
    product_length integer NOT NULL,
    product_height integer NOT NULL,
    product_width integer NOT NULL
);


ALTER TABLE public.productdim OWNER TO postgres;

--
-- TOC entry 219 (class 1259 OID 16643)
-- Name: products; Type: TABLE; Schema: public; Owner: postgres
--

CREATE TABLE public.products (
    product_id character varying(50) NOT NULL,
    product_category_name character varying(50) NOT NULL,
    product_name_length integer NOT NULL,
    product_desc_length integer NOT NULL,
    product_photo_quantity integer NOT NULL
);


ALTER TABLE public.products OWNER TO postgres;

--
-- TOC entry 218 (class 1259 OID 16626)
-- Name: reviews; Type: TABLE; Schema: public; Owner: postgres
--

CREATE TABLE public.reviews (
    review_id character varying(50) NOT NULL,
    order_id character varying(50) NOT NULL,
    review_score integer NOT NULL,
    review_creation_date character varying(50) NOT NULL
);


ALTER TABLE public.reviews OWNER TO postgres;

--
-- TOC entry 221 (class 1259 OID 16666)
-- Name: sellers; Type: TABLE; Schema: public; Owner: postgres
--

CREATE TABLE public.sellers (
    seller_id character varying(50) NOT NULL,
    seller_zipcode integer NOT NULL,
    seller_city character varying(25) NOT NULL,
    seller_state character varying(25) NOT NULL
);


ALTER TABLE public.sellers OWNER TO postgres;

--
-- TOC entry 4875 (class 0 OID 16589)
-- Dependencies: 215
-- Data for Name: customers; Type: TABLE DATA; Schema: public; Owner: postgres
--

COPY public.customers (customer_id, customer_zipcode, customer_city, customer_state) FROM stdin;
00012a2ce6f8dcda20d059ce98491703	6273	osasco	SP
000161a058600d5901f007fab4c27140	35550	itapecerica	MG
0001fd6190edaaf884bcaf3d49edf079	29830	nova venecia	ES
0002414f95344307404f0ace7a26f1d5	39664	mendonca	MG
000379cdec625522490c315e70c7a9fb	4841	sao paulo	SP
0004164d20a9e969af783496f3408652	13272	valinhos	SP
000419c5494106c306a97b5635748086	24220	niteroi	RJ
00046a560d407e99b969756e0b10f282	20540	rio de janeiro	RJ
00050bf6e01e69d5c0fd612f1bcfb69c	98700	ijui	RS
000598caf2ef4117407665ac33275130	35540	oliveira	MG
0005aefbb696d34b3424dccd0a0e9fd0	3052	sao paulo	SP
00062b33cb9f6fe976afdcff967ea74d	2306	sao paulo	SP
00066ccbe787a588c52bd5ff404590e3	93525	novo hamburgo	RS
00072d033fe2e59061ae5c3aff1a2be5	45026	vitoria da conquista	BA
0009a69b72033b2d0ec8c69fc70ef768	13106	campinas	SP
000bf8121c3412d3057d32371c5d3395	12335	jacarei	SP
000e943451fc2788ca6ac98a682f2f49	99460	colorado	RS
000f17e290c26b28549908a04cfe36c1	98400	frederico westphalen	RS
000fd45d6fedae68fc6676036610f879	12970	piracaia	SP
0010068a73b7c56da5758c3f9e5c7375	63680	parambu	CE
001028b78fd413e19704b3867c369d3a	5387	sao paulo	SP
00104a47c29da701ce41ee52077587d9	38400	uberlandia	MG
001051abfcfdbed9f87b4266213a5df1	2251	sao paulo	SP
00114026c1b7b52ab1773f317ef4880b	22470	rio de janeiro	RJ
001226b2341ef620415ce7bbafcfac28	90470	porto alegre	RS
0012a5c13793cf51e253f096a7e740dd	20011	rio de janeiro	RJ
0013280441d86a4f7a8006efdaf1b0fe	5409	sao paulo	SP
0013cd8e350a7cc76873441e431dd5ee	3585	sao paulo	SP
001450ebb4a77efb3d68be5f7887cb1e	18150	ibiuna	SP
00146ad30454993879adaa91c518f68c	31060	belo horizonte	MG
00155f0530cc7b2bf73cc3f81cb01c52	13042	campinas	SP
001574cd5824c0b1ea90dd4f4ba6d5b8	8248	sao paulo	SP
0015bc9fd2d5395446143e8b215d7c75	12233	sao jose dos campos	SP
0015f7887e2fde13ddaa7b8e385af919	25903	mage	RJ
0017a0b4c1f1bdb9c395fa0ac517109c	81510	curitiba	PR
0018c09f333634ca9c80d9ff46e43e9c	9190	santo andre	SP
0018f7fde63ca77254dbc47f4ea358b2	13635	pirassununga	SP
0019c9aaad15b043c48f0a1180f22ce8	4141	sao paulo	SP
001a57041f56400917a187dd74e6cbc1	2512	sao paulo	SP
001b4e9b73aa98a6276b241bfd496822	11436	guaruja	SP
001c7f05398c45b42eee0d5a77783bca	6719	cotia	SP
001df1ee5c36767aa607001ab1a13a06	1030	sao paulo	SP
001f150aebb5d897f2059b0460c38449	79031	campo grande	MS
001f35d9f262c558fd065346fbf5801d	21011	rio de janeiro	RJ
001f6f1a5e902ad14e1f709a7215de11	12460	campos do jordao	SP
00205ad9ba1ef4340cef86583294cf82	58090	joao pessoa	PB
002236c4f333bc8df6a5939749eb7869	12330	jacarei	SP
002348c1099e3229276c8ad7d4ddc702	13295	itupeva	SP
002408f390f729598bbac1ef9421c6ae	89188	agronomica	SC
002450e9ea44cb90b8a07ba0b197e149	35145	sobralia	MG
002554bdf9eb99618d8189c3a89fdd52	89804	chapeco	SC
0026955706fd4e2fa997f3f4c18d485a	2926	sao paulo	SP
0026d252429f669d454d726e5e956aa1	13860	aguai	SP
002834b4d901534f48d9e9a72047b288	8940	biritiba-mirim	SP
0028ff36263a86bf679df7c863a0a0ba	28895	rio das ostras	RJ
002905287304e28c0218389269b4759b	37578	bueno brandao	MG
002937abdae13680e17dccd3868b4825	45530	itacare	BA
0029cdf064769cabdf3186b54d068c99	3183	sao paulo	SP
002a10e899b62a460b0116e0b68697ad	18650	sao manuel	SP
002b24cb2cd0c3e575040dbd278885e3	79117	campo grande	MS
002b5342c72978cf0aba6aae1f5d5293	22775	rio de janeiro	RJ
002c625393dfa194828b462a6ef8cb0b	58102	cabedelo	PB
002ce108ccf0356ef5c8b1dce3c0ae29	2728	sao paulo	SP
002d358e2462f87678443706cbf2eb21	5171	sao paulo	SP
002d597546b2cf44428232c9f237f873	13208	jundiai	SP
002ebb669a34b9e79c88efc755e95322	28895	rio das ostras	RJ
002ef7e55600d44ead53f7c1644e5222	36016	juiz de fora	MG
002f067b028a3643ad3a0969c7a0f3dc	81880	curitiba	PR
002f90a6eb386bc43bc9ba200db31a89	4929	sao paulo	SP
002fb8fc5ce64f8422fa2fe79986c783	9781	sao bernardo do campo	SP
002ff70a5285669011090c077ef929af	80730	curitiba	PR
00302a0b99783c3d1d1e81c616e321e8	22210	rio de janeiro	RJ
0030aded3a67b29946a128ee8468388e	8450	sao paulo	SP
0030fbb95fbe7e61f798a80edb01a8e9	14071	ribeirao preto	SP
00314f95a054231742e3c5396b333b88	11440	guaruja	SP
003177b3eeca50af17750f53802c9a09	58052	joao pessoa	PB
0031abfb953b66e998f67b09e7b11375	84040	ponta grossa	PR
0031c1062edf836ef7a7a7ea758b137b	24808	itaborai	RJ
00330644cccc5db0276fa836976306fe	20021	rio de janeiro	RJ
00331de1659c7f4fb660c8810e6de3f5	93800	sapiranga	RS
0033823ee55671ac5317d423291333c2	95041	caxias do sul	RS
0034f7933de3ead6bd9ba49afe95f119	79621	tres lagoas	MS
003536ce5e18f1d12b9bf76932f8a6b1	3040	sao paulo	SP
0035b30e58c620fa2bd30275ddd4f7ef	24342	niteroi	RJ
0036875772a8eeb391b8cd7226283fdd	9270	santo andre	SP
0037d14e53af1d555a582504a4058f4c	5857	sao paulo	SP
00380c010de38d578d02117f6d0b88e7	85420	corbelia	PR
0039b3e41ac6615814a0b44a8992bff5	26562	mesquita	RJ
003b595c764773e20e0949b6fba7b1dc	18305	capao bonito	SP
003bc8d06ebed9d146eb9f100d0a89ae	60175	fortaleza	CE
003bdf7fd8312f9d14a4b979f3747334	3813	sao paulo	SP
003c7cadba4f182b9f22d7d5ea7a5003	3981	sao paulo	SP
003cb2c7ce25d8af8556fb456f903546	41200	salvador	BA
003cbe6a43560a8b6fd2c07531257c2d	88200	tijucas	SC
003e45472805afa1ee701d83284fa22b	90670	porto alegre	RS
003eab528664e1bd677218ef4be086ac	21041	rio de janeiro	RJ
003ec17a1389fa302f3a0423dddd8650	13190	monte mor	SP
003f7d92ac63c512bb6584219806f8df	4310	sao paulo	SP
\.


--
-- TOC entry 4882 (class 0 OID 16677)
-- Dependencies: 222
-- Data for Name: orderdetails; Type: TABLE DATA; Schema: public; Owner: postgres
--

COPY public.orderdetails (order_id, product_id, seller_id, shipping_date, price, freight_value) FROM stdin;
048beca6ccda094fb80bbc704d7c493d	994e65eb77f3501f497e7fd860b0ea9e	79ed755314cfe6df0daef2c6cd3022cd	5/5/2017 13:45	159.9	13.7
058ac520863d0c0d57e3cf920de368d4	b1688f579e9213539ee21cf15ac4382a	ea8482cd71df3c1969d7b9473ff13abc	5/25/2018 2:56	24.99	15.23
07f6c3baf9ac86865b60f640c4f923c6	daa7499d1e545811c843e8189cd30286	e5a3438891c0bfdb9394643f95273d8e	3/8/2018 14:10	34.3	15.1
0ab7fb08086d4af9141453c91878ed7a	868b3136c5b206f91b8208fbfdf2cb7c	4a3ca9315b744ce9f8e9374361493884	4/10/2018 3:10	93	14.01
0d8e03520c1b877edaf5ef24f7abb5cb	6603a1f90a028304a932b64612e2a39b	e1c76f339ebd5460999f25a2aa8c92c5	5/31/2018 12:15	899.9	28.8
0dbcaa88e213607d3795e96eda505c73	4231002e80d2a25aed31d65b4b91f479	c013e57c075a06e5b5c48ee03c525719	7/3/2018 18:30	42.99	13.88
0fcddd81b836920211d255a9bd25ae50	d189fbf8b5d79a670cebcaaad68d77b2	0d85bbda9889ce1f7e63778d24f346eb	10/25/2017 9:49	79.9	27.94
11c8a3b7adc8c5c3f5ae4f0257c5e953	f4685661dba7a38783007afb3e5fe8ac	f680f85bee2d253556ac91be391d2c82	10/20/2017 19:35	43.99	9.34
17a9050c446ea78f7108b7a5515aa438	8bd4145633bb6d4e5ae091577f6b8dce	cfb1a033743668a192316f3c6d1d2671	6/8/2017 19:55	49.9	16.11
1839b1db32d5ea90a7fc3ca19bdd16ad	dc3665bc3584a881a2462a1efbc71107	cca3071e3e9bb7d12640c9fbe2301306	11/17/2017 20:50	125.93	13.22
1bd518c15ee16570e9b8c8e29fde9ab6	41db6d8062fcd38410c699743ccc0265	92eb0f42c21942b6552362b9b114707d	8/3/2018 4:15	13.47	18.23
1f7c1b144b5b6d0a4339bd2e7ce499ac	cae7248e9bdfda82584faea19dbf793f	6560211a19b47992c3666cc44a7e94c0	3/7/2018 2:48	49	15.1
20b93906f0b1d44ad5e6c166ab370ba7	a77e013f372e02ec1490a7018244acce	41b86b552e54e3a7009596125aa8b167	4/7/2017 19:30	62.9	14.2
2346e1104a4b18a23e6dc6a87c2d1b8c	4eba76ab901d06e619d8d7ac69b3579a	c500367424994318b9e779ff1ae9a330	9/8/2017 2:50	89.9	17.07
246161390a20f964881feeaeea896671	58c975d8b74f2c5a520b580f46456cf5	efcd8d2104f1a05d028af7bad20d974b	1/30/2018 14:03	50	11.85
263ba12390d0fbce329dd16da8cd20f8	c5fff00bf5f821911d676badbb286675	da8622b14eb17ae2831f4ac5b9dab84a	6/22/2018 10:21	134.9	12.43
2927b6be262c5528b8135e5d330c00f9	f72f94500a6463e91cc9ad3a4fa04234	17ca9b9e9b9ef8fdb529001b49ebb50f	6/7/2018 9:31	49.97	15.23
316a104623542e4d75189bb372bc5f8d	9df2b21ec85378d71df4404712e17478	46dc3b2cc0980fb8ec44634e21d2718e	3/6/2017 11:15	179.99	15.43
333d224f4b2d2604e6cfd777af5270d2	f89d2b130b571d24532514dca6fee2a8	8b321bb669392f5163d04c59e235e066	2/8/2018 2:53	13.65	14.1
378d1ac3d8e22dd46990757398ae8500	ba4d4408f422ce8b42de69cbf879f5f9	52a50b42accf164f9f019941e5759d9b	8/7/2018 23:30	29.99	12.87
393654d81daf611630ac2068a7c9b12b	a237de12bdf0bfe4fe220bae65a89731	6c7d50c24b3ccd2fd83b44d8bb34e073	11/6/2017 18:10	37.5	17.6
3cf2ae4128b7627b6d9dacd45887cba7	29427de7f8a9ee983d9dbc51cec569b4	7a67c85e85bb2ce8582c35f2203ad736	3/12/2018 1:30	99.99	12.84
3ea8ef64da06a959e384edb7cb824c02	4ac50dbde931c0a5ed8c33d3dc047351	e5a38146df062edaf55c38afa99e42dc	6/2/2017 19:15	61.8	17.68
3ecc3564cd9c6190ef2a103f37351bb9	4cae700683e540b8fe2cea0ab7e75037	d97df38225e5abadaff1e72cb72b823c	1/12/2018 19:39	50	9.34
40e61df3e13139ca0731f9f2d68732b5	81227b918dc751995a7301b5f38437b8	18a349e75d307f4b4cc646a691ed4216	6/18/2018 20:22	122.99	9.2
41a75aec932b24ba50e98ba8b50b625d	dcb7642f668e09b75d526454940124b9	92eb0f42c21942b6552362b9b114707d	3/6/2018 8:30	18.07	2.15
41a75aec932b24ba50e98ba8b50b625d	dcbdf52239601eca861bf0d1aa598fab	92eb0f42c21942b6552362b9b114707d	3/6/2018 8:30	19.57	21.54
47dc3a1de5a0aec4323cdade0588655c	332842d24e84234cd91299a225de76ab	634964b17796e64304cadf1ad3050fb7	1/30/2018 15:07	399	26.12
47dc3a1de5a0aec4323cdade0588655c	286ae430a4ebbf9a6048a42f362fa322	86ccac0b835037332a596a33b6949ee1	1/30/2018 15:07	238.9	7.83
4d6f99dd1c15b51cdaf72f7b14223d26	e4d325bd1eea550509bdbbc5c3301fc1	7178f9f4dd81dcef02f62acdf8151e01	3/14/2018 15:10	349.9	20.02
4ed7a5d31f58c9c3b20a61e3927db6d9	d03bd02af9fff4b98f1c972315e5e9ef	0241d4d5d36f10f80c644447315af0bd	5/13/2018 21:11	79.9	12.7
52cfb42088bb202a56a77b48a3051baa	f109f04ad95889f2f041a91afe3d894e	620c87c171fb2a6dd6e8bb4dec959fc6	3/8/2017 20:05	69.9	11.1
53622f13efcb7f159787ccafac6626cb	2de5c479fb0c490a0f2a2f3ab36e71b6	dfc5fb7259bb2b599ca565e6e9448f0f	6/26/2018 21:31	174.99	24.03
5476692f5bd7809bea1c3e1b737f9246	603751cec205d947f27ef1ab32b7fb26	b76a1f8356322f12529c37b67d5c96c2	1/29/2018 20:12	59.9	9.94
567cb4e829743d8cc4dd3dc72b6d7136	7329db39e452f3fa1b4f8285055a8e36	968268a686aa05d1f529fb07dff08130	6/14/2018 17:35	176.6	9
574fb93317faefb9a2dc2e9facef54bd	437c05a395e9e47f9762e677a7068ce7	bf84056e679dbe9c69929847a40e338f	4/23/2018 5:55	53.99	12.82
5825ce2e88d5346438686b0bba99e5ee	af3ec22cce878225aae6d9eb6c7a78eb	aafe36600ce604f205b86b5084d3d767	8/23/2017 3:10	149.9	29.45
5c11e238c0563cab5491de26eb68f99a	e03102efbc2229024c89be731f0aedcb	2c9e548be18521d1c43cde1c582c6de8	3/8/2018 18:55	34.9	15.11
5f79b5b0931d63f1a42989eb65b9da6e	64315bd8c0c47303179dd2e25b579d00	7aa4334be125fcdd2ba64b3180029f14	11/21/2017 16:35	89.8	24.94
604970dd9342c16efde4207c42f38f2d	23365beed316535b4105bd800c46670e	92eb0f42c21942b6552362b9b114707d	6/19/2017 4:02	16.5	14.1
63d8235747e25f4b65895e91ff64d778	dd1b2eb34840957a13204dd3dbc588bd	4e922959ae960d389249c378d1c939f5	4/17/2018 2:27	75	7.87
68fb895df51e234a55fbf5c30c873fd2	b60704f84087891432bf27f3dd5fd003	adbc26658d6c7b4b6219f9d934598091	4/25/2018 12:14	109.9	18.35
6bf735a4c4886608f57fda916dfa6225	1d33febb6ca114fb1b9490005ee49de6	0176f73cc1195f367f7b32db1e5b3aa8	1/16/2018 17:13	195.9	62.11
7182e129d91eb324a925d8f1f8221d88	5cd47d379b62715339c690e8ffe65df4	744dac408745240a2c2528fb1b6028f3	10/13/2017 18:29	198	16.14
71db292c69a2bff7186b705046336c61	d3c044bd42d84a79e3b0c42662806a48	4c2b230173bb36f9b240f2b8ac11786e	12/4/2017 16:02	35.9	7.78
728416b0db65935dbf78a0cc03e8d6f8	368c6c730842d78016ad823897a372db	1f50f920176fa81dab994f9023523100	2/14/2018 7:49	49.9	17.6
728416b0db65935dbf78a0cc03e8d6f8	368c6c730842d78016ad823897a372db	1f50f920176fa81dab994f9023523100	2/14/2018 7:49	49.9	17.6
728416b0db65935dbf78a0cc03e8d6f8	368c6c730842d78016ad823897a372db	1f50f920176fa81dab994f9023523100	2/14/2018 7:49	49.9	17.6
728416b0db65935dbf78a0cc03e8d6f8	368c6c730842d78016ad823897a372db	1f50f920176fa81dab994f9023523100	2/14/2018 7:49	49.9	17.6
7509d9e6878341d7b8d48945529c94e3	081c9dacbe5aed5910bef759117070a5	4a3ca9315b744ce9f8e9374361493884	4/12/2018 19:10	59.9	18.3
79ec7fcffa4121dbb55b945aee306e12	15f4274d2a06f9da4e476ad9bb5c80b9	b2ba3715d723d245138f291a6fe42594	1/17/2018 3:09	234.9	14.66
7ad292313f72d59700c72169ba543021	329851bd191cfd30470ffd5aa5457c23	dbc22125167c298ef99da25668e1011f	10/2/2017 14:14	37.9	13.37
7afca88a125dd0c2b912bbf82c0496a4	07c055536ebf10dfbb6c6db6dbfc36e5	cca3071e3e9bb7d12640c9fbe2301306	11/29/2017 21:27	45.9	12.69
7e47dbecc85ae7f45a4645b97b180157	b248cbdf748a977cdf76991dd59fc429	d97df38225e5abadaff1e72cb72b823c	11/16/2017 23:46	15	11.85
86be4ae55b020c490fa71d3a9d9af442	bfddb6c856f2b1dc2c2aee34842c31b6	4a3ccda38b2129705f3fb522db62ca31	11/23/2017 13:46	311.25	60.62
87500eb4c129524a989447f3fb4d5c8d	156687e7a24c248ccf007521b1b49857	bcc9dd23e2a8bd8267cf92b19304a1b9	2/20/2018 12:07	72.9	12.01
8c3d752c5c02227878fae49aeaddbfd7	ba9f160a6ae1c23f25d690fd06fe4fd8	ac3508719a1d8f5b7614b798f70af136	12/22/2017 12:45	120.9	45.69
8f90bd287474f07e918f11e649848539	ebee6703e867082f455a058a8bd04092	fc906263ca5083d09dce42fe02247800	10/5/2017 2:28	29.9	17.63
92b678b4a340519864bc48f15ec27285	cc355167431c600415628883f63f9da5	744dac408745240a2c2528fb1b6028f3	3/13/2018 15:30	569	31.04
92c15142e314731cebdb5b1cd25962ac	c69da983317ecee971f64fc8202c959a	9f505651f4a6abe901a56cdc21508025	1/18/2018 17:36	9.99	7.78
93dbea6be0ad39924a14fe9360679560	a45af86c4a7948f5fabbb5b0132475cd	e63e8bfa530fb16910dd6956e592bb81	2/1/2018 17:32	28.9	17.63
96c833757e09a989bb5c13d0470d7f2a	ebe8bbf509715e46f138ac98b1cbb12e	4a3ccda38b2129705f3fb522db62ca31	4/12/2018 9:35	65.9	18.34
9974509c32cb0fbfa567244ba1c29a64	9e0bbeed8f6cb9acb9809733f155800b	1900267e848ceeba8fa32d80c1a5f5a8	1/18/2018 20:38	83.99	16.35
9b961b894e797f63622137ff7eb1c1af	c53feca3e876804031ed4a4b48ac8f1e	6c6cc59a5c00cacc5054ca06d65cc282	8/21/2018 12:25	1107	148.71
9bd75a47121bac1956e6b353776128b1	9da0bebb7f9168679e748abbfad05edd	d2374cbcbb3ca4ab1086534108cc3ab7	6/2/2017 0:46	28.9	11.85
9f1e6ff8c7baef38bcdfa9b804b4c552	4713819035a9ef628d084f8ff4fa71f2	c70c1b0d8ca86052f45a432a38b73958	5/11/2018 12:31	110.32	15.65
a44895d095d7e0702b6a162fa2dbeced	84183944dc7cddca87a5d384452c1d3c	2a1348e9addc1af5aaa619b1a3679d6b	7/20/2017 9:55	54.9	12.51
a45f5764071ee5b932d1f802e18bafcf	211293b50935ced8d4370f552c482d74	e9779976487b77c6d4ac45f75ec7afe9	1/17/2018 8:48	19.49	15.1
a6c173f716aac4c915299b74fb4e0b10	f5068d43799fc3243cf62b290d885d3e	3985a3c45be355a4c57fde108bfabd1c	6/22/2017 0:55	64.9	16.85
a6c173f716aac4c915299b74fb4e0b10	ed5f0d58e27cf65a07283c251747936f	3985a3c45be355a4c57fde108bfabd1c	6/22/2017 0:55	54.9	16.86
a9433e2f724570bead3613996a8857f7	3f7b6fe5f870dc2ab126236c8f70e214	f27e33c6d29b5138fa9967bcd445b6d5	11/30/2017 23:31	59.9	7.78
afacb4d50c5827bd19cc5e0c7e3d307e	114cf6e338f90a48f7fae837c70e8325	0241d4d5d36f10f80c644447315af0bd	8/22/2018 15:11	99.9	22
b1e9076d07f0a18048ce3182655825f8	391f848f4bc78479c9370a65a94f1d7f	26b482dccfa29bd2e40703ba45523702	8/9/2018 13:35	62.9	18.24
b245a355c20f011bd92122803bd0f5c3	2820a0ee65a765e5dbb7ef1da30d2f4f	b1b3948701c5c72445495bd161b83a4c	8/18/2017 8:25	399.9	21.04
b60b122b336eaee3323565272f117bec	429e7401fafb76436f15e86498bd7364	da8622b14eb17ae2831f4ac5b9dab84a	1/12/2018 20:48	199.9	21.89
b7daca2d24a93ab9351485e0bdcbb7e6	3fc00af0f0a8d4ac2933d3900416c977	7a241947449cc45dbfda4f9d0798d9d0	7/30/2018 9:03	99	18.74
bc3e295306ee4d3eba91aca49b0bb539	bae1013381fa74d68d18c89d313f97eb	bb135baca94c82fcb731335ad5b04a03	10/18/2017 8:56	15	7.78
bc3e295306ee4d3eba91aca49b0bb539	bae1013381fa74d68d18c89d313f97eb	bb135baca94c82fcb731335ad5b04a03	10/18/2017 8:56	15	7.78
bcdabfbcff6df68926c4176cf4c138c3	44a34214a57dc373dcd80f54c919d006	7008613ea464bad5cb9b83456e1e6a8f	2/6/2018 18:08	29.5	16.11
c208db5638f7f1cd04d185856852f864	ffbe3df3856b1fef3fee8f1264105a89	cbd996ad3c1b7dc71fd0e5f5df9087e2	3/22/2017 23:44	47.99	10.96
c524e7bd2510f74fed9e94b894472306	08ba0b9a5d17ce718c503eee72338e98	8ae520247981aa06bc94abddf5f46d34	8/15/2018 18:15	229	15.08
cabfe1219e952ead9a914adde40efc42	ff9fa77f938462abd16b53c0d934099f	c3cfdc648177fdbbbb35635a37472c53	11/21/2017 2:46	122.9	16.62
ccfcc7f58cf5619fc40593dffc299a9f	87e24fe285640cc6f3d7580f673ee507	6bb0724edf0b62fb91ac404873a97241	3/30/2018 19:08	129	30.48
cd16e890b276ec7a7e2e93ba379339e1	e0cf79767c5b016251fe139915c59a26	da8622b14eb17ae2831f4ac5b9dab84a	4/19/2018 12:50	29.9	7.71
cd3558a10d854487b4f907e9b326a4fc	fa23bf270fb9880690b07d09b9f9ff20	1b8356dabde1d35e17cef975c3f82730	4/18/2017 8:50	59.99	11.81
cd866ebb9aa10bfa70f22d11e82bc4e9	3258acb04d37e2f91f76c9250f3b80a0	c70c1b0d8ca86052f45a432a38b73958	7/11/2018 16:05	110.32	23.49
cee9b5953fbfa530733f94ddce959a15	d696750e550fd0f733979dd7e5dff921	9de4643a8dbde634fe55621059d92273	8/4/2017 11:24	167.99	18.75
cf4eb4d5203f0c0d14f191c15de0743e	cf28a2b7bc92809a0574cf07772c88c4	da8622b14eb17ae2831f4ac5b9dab84a	8/24/2017 2:45	24.9	15.1
cfde948cbe426f37ac61e0f04215a5f3	99a4788cb24856965c36a24e339b6058	4a3ca9315b744ce9f8e9374361493884	4/28/2017 10:15	89.9	16.33
e3d651007ef1548b71b4285ca0f484e4	8aba3ad68202f2aeee71c889cb67c9a9	788e857f317e53de488d393e65a80f45	8/16/2018 12:55	110	23.57
e4474c18ee6216f7deac308805b4ef1e	54d2c5fad57672a4137d94c034827a13	c6381d2d013342748761e906d45aff76	12/28/2017 9:51	69	12.23
e4474c18ee6216f7deac308805b4ef1e	54d2c5fad57672a4137d94c034827a13	c6381d2d013342748761e906d45aff76	12/28/2017 9:51	69	12.23
e4474c18ee6216f7deac308805b4ef1e	54d2c5fad57672a4137d94c034827a13	c6381d2d013342748761e906d45aff76	12/28/2017 9:51	69	12.23
e4606fed871d036cbc9acbbd4e3282f1	5a21ffb33906d29b4ad9edf60f6f1b2e	8090490573c6c0aa343a7231ebcb8c86	1/12/2018 2:47	149.9	12.25
e4c77eec895c98ee6919f8d872614ee5	1ffe0f57d9bad302d252f7df6d6d29fc	e5e33c0d8e7e002f398f5dc4cbbb338f	5/10/2018 18:53	78.9	13.91
e531f04ac27aac6bf0cba03986415776	685919d3ededc26c0ec078b32241025a	855668e0971d4dfd7bef1b6a4133b41b	4/19/2018 2:15	52	22.94
ed6f828ab9f3f7383d3ba2115000bf34	4debd977b5bc245487ec61b7961b16e3	92eb0f42c21942b6552362b9b114707d	4/23/2018 4:11	12.67	12.79
ee8dd407e306b0808fd6fddc17ea6f78	cadb69af336c16aba5c5223599821245	8b321bb669392f5163d04c59e235e066	4/19/2018 2:30	13.65	8.29
f1c678e4d14a34ff56f675634bce6b15	a703f5ade6e4fae527357132230ea778	f4aba7c0bca51484c30ab7bdc34bcdd1	2/11/2017 20:32	23.9	10.96
f22420a030f491fdcaabbc5573a9ff39	d60c79092c4d9018a9e4f08f24b7a280	aced59e9b31ef866a94f9e7f29d8d418	1/24/2018 21:16	45	8.72
fa906f338cee30a984d0945b3832e431	79ad39409fa4bcc36b4b7f734c79c2a2	1da3aeb70d7989d1e6d9b0e887f97c23	9/21/2017 16:15	69.99	15.24
fa9f5a4655d840e1de98632fa80c98f4	e5da60b217874889dd4becf29412d793	2138ccb85b11a4ec1e37afbd1c8eda1f	4/18/2017 2:42	29.99	24.84
fd08c88095ca23b6188a30f0abc679e3	a32a25c59034cb4c034031798e2fba85	ad8b531ae67582f096925cff5630d0d1	11/29/2017 23:31	9.4	34.15
ff767a5901c39fba72b1b8eade30d691	21fd3b391a97c2fedab9d0efdd183a93	9de4643a8dbde634fe55621059d92273	2/8/2018 12:35	459.99	23.71
\.


--
-- TOC entry 4876 (class 0 OID 16605)
-- Dependencies: 216
-- Data for Name: orders; Type: TABLE DATA; Schema: public; Owner: postgres
--

COPY public.orders (order_id, customer_id, order_state, purchase_time, delivery_time) FROM stdin;
5f79b5b0931d63f1a42989eb65b9da6e	00012a2ce6f8dcda20d059ce98491703	delivered	11/14/2017 16:08	11/17/2017 15:32
a44895d095d7e0702b6a162fa2dbeced	000161a058600d5901f007fab4c27140	delivered	7/16/2017 9:40	7/19/2017 19:09
316a104623542e4d75189bb372bc5f8d	0001fd6190edaaf884bcaf3d49edf079	delivered	2/28/2017 11:06	3/1/2017 15:24
5825ce2e88d5346438686b0bba99e5ee	0002414f95344307404f0ace7a26f1d5	delivered	8/16/2017 13:09	8/19/2017 11:34
0ab7fb08086d4af9141453c91878ed7a	000379cdec625522490c315e70c7a9fb	delivered	4/2/2018 13:42	4/4/2018 18:11
cd3558a10d854487b4f907e9b326a4fc	0004164d20a9e969af783496f3408652	delivered	4/12/2017 8:35	4/12/2017 17:05
07f6c3baf9ac86865b60f640c4f923c6	000419c5494106c306a97b5635748086	delivered	3/2/2018 17:47	3/7/2018 21:07
8c3d752c5c02227878fae49aeaddbfd7	00046a560d407e99b969756e0b10f282	delivered	12/18/2017 11:08	12/18/2017 20:55
fa906f338cee30a984d0945b3832e431	00050bf6e01e69d5c0fd612f1bcfb69c	delivered	9/17/2017 16:04	9/18/2017 21:02
9b961b894e797f63622137ff7eb1c1af	000598caf2ef4117407665ac33275130	delivered	8/11/2018 12:14	8/13/2018 14:41
263ba12390d0fbce329dd16da8cd20f8	0005aefbb696d34b3424dccd0a0e9fd0	delivered	6/20/2018 9:46	6/21/2018 15:17
c208db5638f7f1cd04d185856852f864	00062b33cb9f6fe976afdcff967ea74d	delivered	3/15/2017 23:44	3/17/2017 15:01
728416b0db65935dbf78a0cc03e8d6f8	00066ccbe787a588c52bd5ff404590e3	delivered	2/6/2018 16:10	2/14/2018 19:58
2346e1104a4b18a23e6dc6a87c2d1b8c	00072d033fe2e59061ae5c3aff1a2be5	delivered	9/1/2017 9:24	9/5/2017 13:16
bc3e295306ee4d3eba91aca49b0bb539	000bf8121c3412d3057d32371c5d3395	delivered	10/11/2017 7:44	10/13/2017 15:16
cfde948cbe426f37ac61e0f04215a5f3	000e943451fc2788ca6ac98a682f2f49	delivered	4/20/2017 19:37	4/25/2017 8:23
cabfe1219e952ead9a914adde40efc42	000f17e290c26b28549908a04cfe36c1	delivered	11/10/2017 16:37	11/14/2017 16:39
574fb93317faefb9a2dc2e9facef54bd	000fd45d6fedae68fc6676036610f879	delivered	4/15/2018 15:55	4/23/2018 23:44
fa9f5a4655d840e1de98632fa80c98f4	0010068a73b7c56da5758c3f9e5c7375	delivered	4/11/2017 18:19	4/13/2017 9:06
cd16e890b276ec7a7e2e93ba379339e1	001028b78fd413e19704b3867c369d3a	delivered	4/12/2018 12:51	4/13/2018 22:05
9974509c32cb0fbfa567244ba1c29a64	00104a47c29da701ce41ee52077587d9	delivered	1/14/2018 20:28	1/16/2018 16:13
2927b6be262c5528b8135e5d330c00f9	001051abfcfdbed9f87b4266213a5df1	delivered	5/30/2018 9:19	5/30/2018 14:10
17a9050c446ea78f7108b7a5515aa438	00114026c1b7b52ab1773f317ef4880b	delivered	6/1/2017 19:44	6/2/2017 13:55
8f90bd287474f07e918f11e649848539	001226b2341ef620415ce7bbafcfac28	delivered	9/29/2017 1:15	10/2/2017 14:46
4d6f99dd1c15b51cdaf72f7b14223d26	0012a5c13793cf51e253f096a7e740dd	delivered	3/5/2018 14:54	3/12/2018 11:33
e4606fed871d036cbc9acbbd4e3282f1	0013280441d86a4f7a8006efdaf1b0fe	delivered	1/8/2018 2:35	1/9/2018 15:44
4ed7a5d31f58c9c3b20a61e3927db6d9	0013cd8e350a7cc76873441e431dd5ee	delivered	5/7/2018 23:25	5/9/2018 15:21
41a75aec932b24ba50e98ba8b50b625d	001450ebb4a77efb3d68be5f7887cb1e	delivered	2/26/2018 8:35	3/5/2018 14:19
b60b122b336eaee3323565272f117bec	00146ad30454993879adaa91c518f68c	delivered	1/8/2018 20:40	1/9/2018 23:39
9bd75a47121bac1956e6b353776128b1	00155f0530cc7b2bf73cc3f81cb01c52	delivered	5/14/2017 23:55	5/19/2017 9:55
ccac33950ffc27cb905dbcdfb099494a	001574cd5824c0b1ea90dd4f4ba6d5b8	unavailable	11/26/2017 2:13	\N
40e61df3e13139ca0731f9f2d68732b5	0015bc9fd2d5395446143e8b215d7c75	delivered	6/11/2018 19:48	6/12/2018 16:36
cee9b5953fbfa530733f94ddce959a15	0015f7887e2fde13ddaa7b8e385af919	delivered	7/31/2017 11:05	8/1/2017 18:56
5c11e238c0563cab5491de26eb68f99a	0017a0b4c1f1bdb9c395fa0ac517109c	delivered	3/3/2018 18:44	3/5/2018 19:25
0dbcaa88e213607d3795e96eda505c73	0018c09f333634ca9c80d9ff46e43e9c	delivered	7/1/2018 18:07	7/3/2018 14:55
7ad292313f72d59700c72169ba543021	0018f7fde63ca77254dbc47f4ea358b2	delivered	9/26/2017 14:01	9/26/2017 20:03
3cf2ae4128b7627b6d9dacd45887cba7	0019c9aaad15b043c48f0a1180f22ce8	delivered	3/6/2018 0:26	3/6/2018 18:37
f22420a030f491fdcaabbc5573a9ff39	001a57041f56400917a187dd74e6cbc1	delivered	1/17/2018 21:22	1/19/2018 21:58
63d8235747e25f4b65895e91ff64d778	001b4e9b73aa98a6276b241bfd496822	delivered	4/7/2018 2:12	4/9/2018 20:12
ee8dd407e306b0808fd6fddc17ea6f78	001c7f05398c45b42eee0d5a77783bca	delivered	4/12/2018 13:41	4/16/2018 20:22
378d1ac3d8e22dd46990757398ae8500	001df1ee5c36767aa607001ab1a13a06	delivered	8/5/2018 23:14	8/7/2018 11:21
9f1e6ff8c7baef38bcdfa9b804b4c552	001f150aebb5d897f2059b0460c38449	delivered	5/9/2018 12:06	5/10/2018 14:28
93dbea6be0ad39924a14fe9360679560	001f35d9f262c558fd065346fbf5801d	delivered	1/25/2018 17:33	1/29/2018 19:29
f1c678e4d14a34ff56f675634bce6b15	001f6f1a5e902ad14e1f709a7215de11	delivered	2/7/2017 20:32	2/10/2017 14:04
0d8e03520c1b877edaf5ef24f7abb5cb	00205ad9ba1ef4340cef86583294cf82	delivered	5/12/2018 17:51	5/18/2018 15:17
5476692f5bd7809bea1c3e1b737f9246	002236c4f333bc8df6a5939749eb7869	delivered	1/22/2018 20:16	1/25/2018 18:04
79ec7fcffa4121dbb55b945aee306e12	002348c1099e3229276c8ad7d4ddc702	processing	1/10/2018 12:28	\N
6bf735a4c4886608f57fda916dfa6225	002408f390f729598bbac1ef9421c6ae	delivered	1/10/2018 17:01	1/13/2018 2:22
cf4eb4d5203f0c0d14f191c15de0743e	002450e9ea44cb90b8a07ba0b197e149	delivered	8/16/2017 9:07	8/18/2017 14:13
c524e7bd2510f74fed9e94b894472306	002554bdf9eb99618d8189c3a89fdd52	delivered	8/13/2018 17:59	8/14/2018 12:57
afacb4d50c5827bd19cc5e0c7e3d307e	0026955706fd4e2fa997f3f4c18d485a	delivered	8/20/2018 11:23	8/21/2018 9:33
7182e129d91eb324a925d8f1f8221d88	002834b4d901534f48d9e9a72047b288	delivered	10/8/2017 17:38	10/9/2017 17:07
e531f04ac27aac6bf0cba03986415776	0028ff36263a86bf679df7c863a0a0ba	delivered	4/12/2018 17:16	4/18/2018 21:56
1bd518c15ee16570e9b8c8e29fde9ab6	002905287304e28c0218389269b4759b	delivered	7/22/2018 17:13	7/31/2018 9:25
fd08c88095ca23b6188a30f0abc679e3	002937abdae13680e17dccd3868b4825	delivered	11/24/2017 20:26	12/6/2017 16:52
ff767a5901c39fba72b1b8eade30d691	0029cdf064769cabdf3186b54d068c99	delivered	2/4/2018 12:22	2/8/2018 16:21
048beca6ccda094fb80bbc704d7c493d	0009a69b72033b2d0ec8c69fc70ef768	delivered	4/28/2017 13:36	4/28/2017 15:08
e4c77eec895c98ee6919f8d872614ee5	002a10e899b62a460b0116e0b68697ad	delivered	5/5/2018 18:33	5/7/2018 12:43
058ac520863d0c0d57e3cf920de368d4	002b24cb2cd0c3e575040dbd278885e3	delivered	5/21/2018 23:17	5/23/2018 14:51
21a00b08cbeb5716bbb66105e3dbd850	002b5342c72978cf0aba6aae1f5d5293	canceled	9/10/2018 17:51	\N
86be4ae55b020c490fa71d3a9d9af442	002c625393dfa194828b462a6ef8cb0b	delivered	11/19/2017 13:22	11/20/2017 20:12
567cb4e829743d8cc4dd3dc72b6d7136	002ce108ccf0356ef5c8b1dce3c0ae29	delivered	6/6/2018 17:22	6/7/2018 13:38
bcdabfbcff6df68926c4176cf4c138c3	002d358e2462f87678443706cbf2eb21	delivered	1/31/2018 17:53	2/1/2018 19:26
b7daca2d24a93ab9351485e0bdcbb7e6	002d597546b2cf44428232c9f237f873	delivered	7/22/2018 9:29	7/23/2018 7:19
e3d651007ef1548b71b4285ca0f484e4	002ebb669a34b9e79c88efc755e95322	delivered	8/11/2018 12:41	8/13/2018 13:07
53622f13efcb7f159787ccafac6626cb	002ef7e55600d44ead53f7c1644e5222	delivered	6/19/2018 21:08	6/21/2018 13:49
0fcddd81b836920211d255a9bd25ae50	002f067b028a3643ad3a0969c7a0f3dc	delivered	10/19/2017 9:31	10/19/2017 17:52
a6c173f716aac4c915299b74fb4e0b10	002f90a6eb386bc43bc9ba200db31a89	delivered	6/15/2017 23:59	6/16/2017 13:49
a9433e2f724570bead3613996a8857f7	002fb8fc5ce64f8422fa2fe79986c783	delivered	11/26/2017 23:15	11/29/2017 18:10
b1e9076d07f0a18048ce3182655825f8	002ff70a5285669011090c077ef929af	delivered	8/5/2018 13:19	8/6/2018 13:34
ccfcc7f58cf5619fc40593dffc299a9f	00302a0b99783c3d1d1e81c616e321e8	delivered	3/26/2018 18:50	3/27/2018 19:27
7afca88a125dd0c2b912bbf82c0496a4	0030aded3a67b29946a128ee8468388e	delivered	11/23/2017 21:18	11/28/2017 12:52
7e47dbecc85ae7f45a4645b97b180157	0030fbb95fbe7e61f798a80edb01a8e9	delivered	11/9/2017 23:28	11/10/2017 15:14
3ecc3564cd9c6190ef2a103f37351bb9	00314f95a054231742e3c5396b333b88	delivered	1/8/2018 19:29	1/9/2018 16:19
cd866ebb9aa10bfa70f22d11e82bc4e9	003177b3eeca50af17750f53802c9a09	delivered	7/8/2018 15:48	7/12/2018 14:43
47dc3a1de5a0aec4323cdade0588655c	0031abfb953b66e998f67b09e7b11375	delivered	1/23/2018 13:57	1/25/2018 23:21
52cfb42088bb202a56a77b48a3051baa	0031c1062edf836ef7a7a7ea758b137b	delivered	3/1/2017 20:00	3/9/2017 9:24
393654d81daf611630ac2068a7c9b12b	00330644cccc5db0276fa836976306fe	delivered	10/30/2017 17:48	10/31/2017 18:37
e4474c18ee6216f7deac308805b4ef1e	00331de1659c7f4fb660c8810e6de3f5	delivered	12/18/2017 14:54	12/28/2017 22:35
3ea8ef64da06a959e384edb7cb824c02	0033823ee55671ac5317d423291333c2	delivered	5/29/2017 19:02	6/1/2017 10:56
96c833757e09a989bb5c13d0470d7f2a	0034f7933de3ead6bd9ba49afe95f119	delivered	4/6/2018 9:25	4/10/2018 22:57
11c8a3b7adc8c5c3f5ae4f0257c5e953	003536ce5e18f1d12b9bf76932f8a6b1	delivered	10/16/2017 19:17	10/17/2017 20:17
7509d9e6878341d7b8d48945529c94e3	0035b30e58c620fa2bd30275ddd4f7ef	delivered	4/8/2018 18:56	4/10/2018 0:31
246161390a20f964881feeaeea896671	0036875772a8eeb391b8cd7226283fdd	delivered	1/21/2018 22:49	1/24/2018 16:58
8603de8fb5551ed7faf81d2a31b8bf0e	0037d14e53af1d555a582504a4058f4c	unavailable	6/11/2017 17:40	\N
1f7c1b144b5b6d0a4339bd2e7ce499ac	00380c010de38d578d02117f6d0b88e7	delivered	2/28/2018 11:10	3/1/2018 22:39
a45f5764071ee5b932d1f802e18bafcf	0039b3e41ac6615814a0b44a8992bff5	delivered	1/11/2018 1:24	1/13/2018 0:28
ed6f828ab9f3f7383d3ba2115000bf34	003b595c764773e20e0949b6fba7b1dc	delivered	4/14/2018 8:18	4/23/2018 15:56
92b678b4a340519864bc48f15ec27285	003bc8d06ebed9d146eb9f100d0a89ae	delivered	3/7/2018 15:08	3/8/2018 22:30
71db292c69a2bff7186b705046336c61	003bdf7fd8312f9d14a4b979f3747334	delivered	11/28/2017 15:39	12/4/2017 18:14
68fb895df51e234a55fbf5c30c873fd2	003c7cadba4f182b9f22d7d5ea7a5003	delivered	4/19/2018 11:58	4/20/2018 23:06
b245a355c20f011bd92122803bd0f5c3	003cb2c7ce25d8af8556fb456f903546	shipped	8/12/2017 17:08	8/15/2017 17:17
333d224f4b2d2604e6cfd777af5270d2	003cbe6a43560a8b6fd2c07531257c2d	delivered	2/1/2018 14:05	2/6/2018 22:16
604970dd9342c16efde4207c42f38f2d	003e45472805afa1ee701d83284fa22b	delivered	6/11/2017 20:50	6/19/2017 12:46
20b93906f0b1d44ad5e6c166ab370ba7	003eab528664e1bd677218ef4be086ac	delivered	4/3/2017 19:20	4/5/2017 15:07
92c15142e314731cebdb5b1cd25962ac	003ec17a1389fa302f3a0423dddd8650	delivered	1/14/2018 17:25	1/15/2018 23:08
87500eb4c129524a989447f3fb4d5c8d	003f7d92ac63c512bb6584219806f8df	delivered	2/14/2018 12:45	2/15/2018 17:51
1839b1db32d5ea90a7fc3ca19bdd16ad	0026d252429f669d454d726e5e956aa1	shipped	11/9/2017 16:08	11/16/2017 15:18
\.


--
-- TOC entry 4877 (class 0 OID 16617)
-- Dependencies: 217
-- Data for Name: payments; Type: TABLE DATA; Schema: public; Owner: postgres
--

COPY public.payments (order_id, payment_sequential, payment_type, payment_installments, payment_value) FROM stdin;
048beca6ccda094fb80bbc704d7c493d	1	credit_card	1	173.6
058ac520863d0c0d57e3cf920de368d4	1	credit_card	1	40.22
07f6c3baf9ac86865b60f640c4f923c6	1	credit_card	4	49.4
0ab7fb08086d4af9141453c91878ed7a	1	boleto	1	107.01
0d8e03520c1b877edaf5ef24f7abb5cb	1	boleto	1	928.7
0dbcaa88e213607d3795e96eda505c73	1	credit_card	5	56.87
0fcddd81b836920211d255a9bd25ae50	1	credit_card	3	107.84
11c8a3b7adc8c5c3f5ae4f0257c5e953	1	credit_card	1	53.33
17a9050c446ea78f7108b7a5515aa438	1	credit_card	4	66.01
1839b1db32d5ea90a7fc3ca19bdd16ad	1	credit_card	3	139.15
1bd518c15ee16570e9b8c8e29fde9ab6	1	boleto	1	31.7
1f7c1b144b5b6d0a4339bd2e7ce499ac	1	boleto	1	64.1
20b93906f0b1d44ad5e6c166ab370ba7	1	credit_card	7	77.1
21a00b08cbeb5716bbb66105e3dbd850	1	voucher	1	51.17
2346e1104a4b18a23e6dc6a87c2d1b8c	1	boleto	1	106.97
246161390a20f964881feeaeea896671	1	credit_card	1	61.85
263ba12390d0fbce329dd16da8cd20f8	1	credit_card	2	147.33
2927b6be262c5528b8135e5d330c00f9	3	voucher	1	13.35
2927b6be262c5528b8135e5d330c00f9	2	voucher	1	19.82
2927b6be262c5528b8135e5d330c00f9	1	voucher	1	32.03
316a104623542e4d75189bb372bc5f8d	1	credit_card	10	195.42
333d224f4b2d2604e6cfd777af5270d2	1	boleto	1	27.75
378d1ac3d8e22dd46990757398ae8500	1	credit_card	2	42.86
393654d81daf611630ac2068a7c9b12b	1	credit_card	3	55.1
3cf2ae4128b7627b6d9dacd45887cba7	1	credit_card	2	112.83
3ea8ef64da06a959e384edb7cb824c02	1	credit_card	1	79.48
3ecc3564cd9c6190ef2a103f37351bb9	1	credit_card	1	59.34
40e61df3e13139ca0731f9f2d68732b5	1	credit_card	2	132.19
41a75aec932b24ba50e98ba8b50b625d	1	credit_card	6	61.33
47dc3a1de5a0aec4323cdade0588655c	1	credit_card	5	671.85
4d6f99dd1c15b51cdaf72f7b14223d26	1	credit_card	2	369.92
4ed7a5d31f58c9c3b20a61e3927db6d9	1	credit_card	9	92.6
52cfb42088bb202a56a77b48a3051baa	1	credit_card	2	81
53622f13efcb7f159787ccafac6626cb	1	credit_card	7	199.02
5476692f5bd7809bea1c3e1b737f9246	1	credit_card	1	69.84
567cb4e829743d8cc4dd3dc72b6d7136	1	credit_card	1	185.6
574fb93317faefb9a2dc2e9facef54bd	1	boleto	1	66.81
5825ce2e88d5346438686b0bba99e5ee	1	boleto	1	179.35
5c11e238c0563cab5491de26eb68f99a	1	credit_card	1	50.01
5f79b5b0931d63f1a42989eb65b9da6e	1	credit_card	8	114.74
604970dd9342c16efde4207c42f38f2d	1	boleto	1	30.6
63d8235747e25f4b65895e91ff64d778	1	voucher	1	82.87
68fb895df51e234a55fbf5c30c873fd2	1	credit_card	7	128.25
6bf735a4c4886608f57fda916dfa6225	1	credit_card	1	258.01
7182e129d91eb324a925d8f1f8221d88	1	credit_card	8	214.14
71db292c69a2bff7186b705046336c61	1	credit_card	3	43.68
728416b0db65935dbf78a0cc03e8d6f8	1	boleto	1	270
7509d9e6878341d7b8d48945529c94e3	1	credit_card	7	78.2
79ec7fcffa4121dbb55b945aee306e12	1	boleto	1	249.56
7ad292313f72d59700c72169ba543021	1	credit_card	3	51.27
7afca88a125dd0c2b912bbf82c0496a4	1	credit_card	2	58.59
7e47dbecc85ae7f45a4645b97b180157	1	credit_card	1	26.85
8603de8fb5551ed7faf81d2a31b8bf0e	1	credit_card	6	603.4
86be4ae55b020c490fa71d3a9d9af442	1	credit_card	6	371.87
87500eb4c129524a989447f3fb4d5c8d	1	credit_card	1	84.91
8c3d752c5c02227878fae49aeaddbfd7	1	credit_card	5	166.59
8f90bd287474f07e918f11e649848539	1	boleto	1	47.53
92b678b4a340519864bc48f15ec27285	1	credit_card	1	600.04
92c15142e314731cebdb5b1cd25962ac	1	credit_card	1	17.77
93dbea6be0ad39924a14fe9360679560	1	credit_card	1	46.53
96c833757e09a989bb5c13d0470d7f2a	1	credit_card	8	84.24
9974509c32cb0fbfa567244ba1c29a64	1	credit_card	3	100.34
9b961b894e797f63622137ff7eb1c1af	1	credit_card	10	1255.71
9bd75a47121bac1956e6b353776128b1	1	credit_card	4	40.75
9f1e6ff8c7baef38bcdfa9b804b4c552	1	credit_card	3	125.97
a44895d095d7e0702b6a162fa2dbeced	1	credit_card	5	67.41
a45f5764071ee5b932d1f802e18bafcf	1	credit_card	1	34.59
a6c173f716aac4c915299b74fb4e0b10	1	credit_card	3	153.51
a9433e2f724570bead3613996a8857f7	1	credit_card	1	67.68
afacb4d50c5827bd19cc5e0c7e3d307e	1	credit_card	2	121.9
b1e9076d07f0a18048ce3182655825f8	1	credit_card	1	81.14
b245a355c20f011bd92122803bd0f5c3	1	credit_card	10	420.94
b60b122b336eaee3323565272f117bec	1	credit_card	7	221.79
b7daca2d24a93ab9351485e0bdcbb7e6	1	credit_card	1	117.74
bc3e295306ee4d3eba91aca49b0bb539	1	credit_card	1	45.56
bcdabfbcff6df68926c4176cf4c138c3	1	credit_card	3	45.61
c208db5638f7f1cd04d185856852f864	1	boleto	1	58.95
c524e7bd2510f74fed9e94b894472306	1	credit_card	8	244.08
cabfe1219e952ead9a914adde40efc42	1	boleto	1	139.52
ccac33950ffc27cb905dbcdfb099494a	1	credit_card	10	184.94
ccfcc7f58cf5619fc40593dffc299a9f	1	credit_card	1	159.48
cd16e890b276ec7a7e2e93ba379339e1	1	credit_card	1	37.61
cd3558a10d854487b4f907e9b326a4fc	1	voucher	1	71.8
cd866ebb9aa10bfa70f22d11e82bc4e9	1	credit_card	5	133.81
cee9b5953fbfa530733f94ddce959a15	1	credit_card	5	186.74
cf4eb4d5203f0c0d14f191c15de0743e	1	boleto	1	40
cfde948cbe426f37ac61e0f04215a5f3	1	voucher	1	26.8
cfde948cbe426f37ac61e0f04215a5f3	2	voucher	1	26.8
cfde948cbe426f37ac61e0f04215a5f3	3	voucher	1	26.8
cfde948cbe426f37ac61e0f04215a5f3	4	voucher	1	25.83
e3d651007ef1548b71b4285ca0f484e4	1	credit_card	3	133.57
e4474c18ee6216f7deac308805b4ef1e	1	boleto	1	243.69
e4606fed871d036cbc9acbbd4e3282f1	1	credit_card	3	162.15
e4c77eec895c98ee6919f8d872614ee5	1	credit_card	1	92.81
e531f04ac27aac6bf0cba03986415776	1	boleto	1	74.94
ed6f828ab9f3f7383d3ba2115000bf34	1	boleto	1	25.46
ee8dd407e306b0808fd6fddc17ea6f78	1	boleto	1	21.94
f1c678e4d14a34ff56f675634bce6b15	1	credit_card	1	34.86
f22420a030f491fdcaabbc5573a9ff39	1	credit_card	5	53.72
fa906f338cee30a984d0945b3832e431	1	credit_card	8	85.23
fa9f5a4655d840e1de98632fa80c98f4	1	boleto	1	54.83
fd08c88095ca23b6188a30f0abc679e3	1	credit_card	4	43.55
ff767a5901c39fba72b1b8eade30d691	1	credit_card	1	483.7
\.


--
-- TOC entry 4880 (class 0 OID 16657)
-- Dependencies: 220
-- Data for Name: productdim; Type: TABLE DATA; Schema: public; Owner: postgres
--

COPY public.productdim (product_id, product_weight, product_length, product_height, product_width) FROM stdin;
d03bd02af9fff4b98f1c972315e5e9ef	1800	40	10	30
603751cec205d947f27ef1ab32b7fb26	700	20	20	20
dd1b2eb34840957a13204dd3dbc588bd	175	30	20	25
1ffe0f57d9bad302d252f7df6d6d29fc	1700	34	18	16
d696750e550fd0f733979dd7e5dff921	950	53	5	13
07c055536ebf10dfbb6c6db6dbfc36e5	600	30	3	20
daa7499d1e545811c843e8189cd30286	250	16	2	11
2de5c479fb0c490a0f2a2f3ab36e71b6	1050	22	21	16
ebe8bbf509715e46f138ac98b1cbb12e	383	17	14	16
368c6c730842d78016ad823897a372db	1650	30	22	30
d60c79092c4d9018a9e4f08f24b7a280	300	20	30	20
81227b918dc751995a7301b5f38437b8	750	27	12	27
d3c044bd42d84a79e3b0c42662806a48	150	16	16	11
4eba76ab901d06e619d8d7ac69b3579a	517	25	26	26
211293b50935ced8d4370f552c482d74	226	18	16	16
685919d3ededc26c0ec078b32241025a	6850	48	25	34
54d2c5fad57672a4137d94c034827a13	1100	91	13	11
ba4d4408f422ce8b42de69cbf879f5f9	300	21	10	15
868b3136c5b206f91b8208fbfdf2cb7c	800	45	10	34
79ad39409fa4bcc36b4b7f734c79c2a2	200	20	10	20
391f848f4bc78479c9370a65a94f1d7f	2850	35	25	30
cc355167431c600415628883f63f9da5	300	16	11	12
58c975d8b74f2c5a520b580f46456cf5	100	17	3	12
e0cf79767c5b016251fe139915c59a26	250	16	5	15
f5068d43799fc3243cf62b290d885d3e	400	16	6	21
99a4788cb24856965c36a24e339b6058	1383	50	10	40
c69da983317ecee971f64fc8202c959a	200	33	4	27
8aba3ad68202f2aeee71c889cb67c9a9	1750	53	4	43
994e65eb77f3501f497e7fd860b0ea9e	1000	33	14	14
f72f94500a6463e91cc9ad3a4fa04234	275	18	18	30
f109f04ad95889f2f041a91afe3d894e	2033	22	12	17
ebee6703e867082f455a058a8bd04092	200	25	5	15
156687e7a24c248ccf007521b1b49857	1650	36	19	43
b248cbdf748a977cdf76991dd59fc429	150	16	7	11
af3ec22cce878225aae6d9eb6c7a78eb	1600	40	24	30
3258acb04d37e2f91f76c9250f3b80a0	200	22	3	15
332842d24e84234cd91299a225de76ab	1750	50	6	19
c5fff00bf5f821911d676badbb286675	1550	35	9	36
64315bd8c0c47303179dd2e25b579d00	4267	46	39	22
b60704f84087891432bf27f3dd5fd003	7500	60	20	50
21fd3b391a97c2fedab9d0efdd183a93	2650	53	15	13
4ac50dbde931c0a5ed8c33d3dc047351	600	28	11	26
3f7b6fe5f870dc2ab126236c8f70e214	150	16	5	11
44a34214a57dc373dcd80f54c919d006	350	67	15	15
3fc00af0f0a8d4ac2933d3900416c977	2000	20	10	20
ff9fa77f938462abd16b53c0d934099f	300	21	19	19
d189fbf8b5d79a670cebcaaad68d77b2	3000	30	10	30
f4685661dba7a38783007afb3e5fe8ac	400	29	18	17
23365beed316535b4105bd800c46670e	350	19	4	11
08ba0b9a5d17ce718c503eee72338e98	250	16	13	13
bfddb6c856f2b1dc2c2aee34842c31b6	5150	40	30	30
081c9dacbe5aed5910bef759117070a5	450	45	15	35
329851bd191cfd30470ffd5aa5457c23	500	47	10	31
87e24fe285640cc6f3d7580f673ee507	5875	19	17	18
15f4274d2a06f9da4e476ad9bb5c80b9	1000	20	45	35
cadb69af336c16aba5c5223599821245	200	25	7	16
29427de7f8a9ee983d9dbc51cec569b4	4475	44	24	31
9df2b21ec85378d71df4404712e17478	750	21	23	35
1d33febb6ca114fb1b9490005ee49de6	8917	36	27	50
4713819035a9ef628d084f8ff4fa71f2	200	22	3	15
e03102efbc2229024c89be731f0aedcb	750	101	15	15
a77e013f372e02ec1490a7018244acce	400	16	14	12
dcb7642f668e09b75d526454940124b9	200	19	4	11
ed5f0d58e27cf65a07283c251747936f	350	18	18	21
4cae700683e540b8fe2cea0ab7e75037	350	19	7	15
a45af86c4a7948f5fabbb5b0132475cd	300	40	5	40
cae7248e9bdfda82584faea19dbf793f	300	16	2	11
429e7401fafb76436f15e86498bd7364	2500	41	8	36
114cf6e338f90a48f7fae837c70e8325	2400	37	30	20
9e0bbeed8f6cb9acb9809733f155800b	800	16	10	16
5cd47d379b62715339c690e8ffe65df4	400	16	11	12
2820a0ee65a765e5dbb7ef1da30d2f4f	1525	27	23	24
7329db39e452f3fa1b4f8285055a8e36	350	20	20	20
6603a1f90a028304a932b64612e2a39b	16200	28	35	50
ffbe3df3856b1fef3fee8f1264105a89	250	16	11	15
4debd977b5bc245487ec61b7961b16e3	650	19	3	11
c53feca3e876804031ed4a4b48ac8f1e	20550	69	28	56
ba9f160a6ae1c23f25d690fd06fe4fd8	7050	20	62	35
b1688f579e9213539ee21cf15ac4382a	250	17	4	12
a703f5ade6e4fae527357132230ea778	225	45	10	14
437c05a395e9e47f9762e677a7068ce7	1110	19	11	18
9da0bebb7f9168679e748abbfad05edd	450	40	4	30
41db6d8062fcd38410c699743ccc0265	125	19	5	11
bae1013381fa74d68d18c89d313f97eb	300	20	5	48
fa23bf270fb9880690b07d09b9f9ff20	800	50	15	25
dcbdf52239601eca861bf0d1aa598fab	185	24	7	16
e4d325bd1eea550509bdbbc5c3301fc1	525	16	16	18
286ae430a4ebbf9a6048a42f362fa322	750	23	2	20
f89d2b130b571d24532514dca6fee2a8	150	25	7	16
4231002e80d2a25aed31d65b4b91f479	800	50	5	50
a237de12bdf0bfe4fe220bae65a89731	1250	60	12	12
a32a25c59034cb4c034031798e2fba85	500	30	5	23
dc3665bc3584a881a2462a1efbc71107	800	50	7	38
8bd4145633bb6d4e5ae091577f6b8dce	7975	44	16	53
e5da60b217874889dd4becf29412d793	100	19	3	11
84183944dc7cddca87a5d384452c1d3c	150	16	2	11
cf28a2b7bc92809a0574cf07772c88c4	250	20	2	15
5a21ffb33906d29b4ad9edf60f6f1b2e	1850	30	30	30
\.


--
-- TOC entry 4879 (class 0 OID 16643)
-- Dependencies: 219
-- Data for Name: products; Type: TABLE DATA; Schema: public; Owner: postgres
--

COPY public.products (product_id, product_category_name, product_name_length, product_desc_length, product_photo_quantity) FROM stdin;
07c055536ebf10dfbb6c6db6dbfc36e5	moveis_decoracao	59	473	1
081c9dacbe5aed5910bef759117070a5	moveis_decoracao	63	693	1
08ba0b9a5d17ce718c503eee72338e98	relogios_presentes	46	451	4
114cf6e338f90a48f7fae837c70e8325	moveis_decoracao	26	304	1
156687e7a24c248ccf007521b1b49857	cama_mesa_banho	44	284	1
15f4274d2a06f9da4e476ad9bb5c80b9	papelaria	53	139	1
1d33febb6ca114fb1b9490005ee49de6	cama_mesa_banho	57	941	1
1ffe0f57d9bad302d252f7df6d6d29fc	automotivo	59	1391	3
211293b50935ced8d4370f552c482d74	bebidas	55	1736	3
21fd3b391a97c2fedab9d0efdd183a93	utilidades_domesticas	57	983	2
23365beed316535b4105bd800c46670e	telefonia	56	351	1
2820a0ee65a765e5dbb7ef1da30d2f4f	automotivo	51	2242	2
286ae430a4ebbf9a6048a42f362fa322	relogios_presentes	52	220	1
29427de7f8a9ee983d9dbc51cec569b4	cool_stuff	54	995	1
2de5c479fb0c490a0f2a2f3ab36e71b6	ferramentas_jardim	56	511	6
3258acb04d37e2f91f76c9250f3b80a0	beleza_saude	60	919	1
329851bd191cfd30470ffd5aa5457c23	malas_acessorios	45	218	1
332842d24e84234cd91299a225de76ab	relogios_presentes	58	1209	1
368c6c730842d78016ad823897a372db	ferramentas_jardim	57	366	2
391f848f4bc78479c9370a65a94f1d7f	beleza_saude	53	1422	2
3f7b6fe5f870dc2ab126236c8f70e214	telefonia	55	2065	6
3fc00af0f0a8d4ac2933d3900416c977	climatizacao	59	624	5
41db6d8062fcd38410c699743ccc0265	telefonia	49	1438	2
4231002e80d2a25aed31d65b4b91f479	pet_shop	50	776	4
429e7401fafb76436f15e86498bd7364	cama_mesa_banho	60	233	1
437c05a395e9e47f9762e677a7068ce7	beleza_saude	40	409	1
44a34214a57dc373dcd80f54c919d006	esporte_lazer	21	207	2
4713819035a9ef628d084f8ff4fa71f2	beleza_saude	60	919	1
4ac50dbde931c0a5ed8c33d3dc047351	beleza_saude	33	1087	1
4cae700683e540b8fe2cea0ab7e75037	automotivo	54	124	1
4debd977b5bc245487ec61b7961b16e3	telefonia	59	506	3
4eba76ab901d06e619d8d7ac69b3579a	bebes	25	641	2
54d2c5fad57672a4137d94c034827a13	utilidades_domesticas	59	362	1
58c975d8b74f2c5a520b580f46456cf5	fashion_bolsas_e_acessorios	40	562	1
5a21ffb33906d29b4ad9edf60f6f1b2e	esporte_lazer	41	1663	3
5cd47d379b62715339c690e8ffe65df4	relogios_presentes	59	1256	2
603751cec205d947f27ef1ab32b7fb26	cool_stuff	22	683	3
64315bd8c0c47303179dd2e25b579d00	brinquedos	55	889	1
6603a1f90a028304a932b64612e2a39b	eletroportateis	54	726	5
685919d3ededc26c0ec078b32241025a	bebes	48	1369	2
7329db39e452f3fa1b4f8285055a8e36	papelaria	58	115	1
79ad39409fa4bcc36b4b7f734c79c2a2	fashion_bolsas_e_acessorios	59	874	3
81227b918dc751995a7301b5f38437b8	telefonia_fixa	53	1265	1
84183944dc7cddca87a5d384452c1d3c	beleza_saude	57	2563	2
868b3136c5b206f91b8208fbfdf2cb7c	cama_mesa_banho	57	364	2
87e24fe285640cc6f3d7580f673ee507	eletronicos	56	184	3
8aba3ad68202f2aeee71c889cb67c9a9	papelaria	27	852	4
8bd4145633bb6d4e5ae091577f6b8dce	cama_mesa_banho	49	114	1
994e65eb77f3501f497e7fd860b0ea9e	ferramentas_jardim	53	1725	2
99a4788cb24856965c36a24e339b6058	cama_mesa_banho	54	245	1
9da0bebb7f9168679e748abbfad05edd	cama_mesa_banho	50	147	1
9df2b21ec85378d71df4404712e17478	bebes	45	1042	2
9e0bbeed8f6cb9acb9809733f155800b	cama_mesa_banho	53	442	1
a237de12bdf0bfe4fe220bae65a89731	moveis_decoracao	57	954	7
a32a25c59034cb4c034031798e2fba85	moveis_decoracao	46	608	1
a45af86c4a7948f5fabbb5b0132475cd	utilidades_domesticas	36	597	3
a703f5ade6e4fae527357132230ea778	beleza_saude	57	1271	5
a77e013f372e02ec1490a7018244acce	esporte_lazer	29	1728	1
af3ec22cce878225aae6d9eb6c7a78eb	cool_stuff	38	840	1
b1688f579e9213539ee21cf15ac4382a	telefonia	60	747	6
b248cbdf748a977cdf76991dd59fc429	automotivo	42	96	1
b60704f84087891432bf27f3dd5fd003	bebes	47	704	4
ba4d4408f422ce8b42de69cbf879f5f9	alimentos_bebidas	38	916	1
ba9f160a6ae1c23f25d690fd06fe4fd8	brinquedos	56	707	5
bae1013381fa74d68d18c89d313f97eb	moveis_decoracao	63	431	4
bfddb6c856f2b1dc2c2aee34842c31b6	casa_construcao	57	1447	4
c53feca3e876804031ed4a4b48ac8f1e	pet_shop	60	1308	4
c5fff00bf5f821911d676badbb286675	cama_mesa_banho	59	425	1
c69da983317ecee971f64fc8202c959a	informatica_acessorios	52	210	1
cadb69af336c16aba5c5223599821245	eletronicos	41	386	1
cae7248e9bdfda82584faea19dbf793f	relogios_presentes	56	280	3
cc355167431c600415628883f63f9da5	relogios_presentes	57	1616	3
cf28a2b7bc92809a0574cf07772c88c4	cama_mesa_banho	57	58	1
d03bd02af9fff4b98f1c972315e5e9ef	moveis_decoracao	56	209	1
d189fbf8b5d79a670cebcaaad68d77b2	papelaria	49	453	1
d3c044bd42d84a79e3b0c42662806a48	esporte_lazer	32	3831	1
d60c79092c4d9018a9e4f08f24b7a280	utilidades_domesticas	28	735	2
d696750e550fd0f733979dd7e5dff921	utilidades_domesticas	44	916	2
daa7499d1e545811c843e8189cd30286	fashion_bolsas_e_acessorios	41	1359	1
dc3665bc3584a881a2462a1efbc71107	cama_mesa_banho	60	613	2
dcb7642f668e09b75d526454940124b9	telefonia	44	464	1
dcbdf52239601eca861bf0d1aa598fab	telefonia	32	451	2
dd1b2eb34840957a13204dd3dbc588bd	cool_stuff	52	673	1
e03102efbc2229024c89be731f0aedcb	papelaria	57	366	4
e0cf79767c5b016251fe139915c59a26	beleza_saude	55	388	1
e4d325bd1eea550509bdbbc5c3301fc1	perfumaria	59	874	1
e5da60b217874889dd4becf29412d793	telefonia	53	428	1
ebe8bbf509715e46f138ac98b1cbb12e	casa_construcao	24	1113	1
ebee6703e867082f455a058a8bd04092	consoles_games	53	321	2
ed5f0d58e27cf65a07283c251747936f	consoles_games	55	864	6
f109f04ad95889f2f041a91afe3d894e	beleza_saude	47	189	1
f4685661dba7a38783007afb3e5fe8ac	bebes	51	737	2
f5068d43799fc3243cf62b290d885d3e	consoles_games	55	546	5
f72f94500a6463e91cc9ad3a4fa04234	utilidades_domesticas	53	272	1
f89d2b130b571d24532514dca6fee2a8	eletronicos	41	383	1
fa23bf270fb9880690b07d09b9f9ff20	esporte_lazer	60	475	4
ff9fa77f938462abd16b53c0d934099f	esporte_lazer	57	3469	1
ffbe3df3856b1fef3fee8f1264105a89	beleza_saude	44	1641	1
\.


--
-- TOC entry 4878 (class 0 OID 16626)
-- Dependencies: 218
-- Data for Name: reviews; Type: TABLE DATA; Schema: public; Owner: postgres
--

COPY public.reviews (review_id, order_id, review_score, review_creation_date) FROM stdin;
33885dadbb5e1363adbab24fb29256c0	048beca6ccda094fb80bbc704d7c493d	4	5/9/2017 0:00
c740c68f3e2854748fbc190434925e16	058ac520863d0c0d57e3cf920de368d4	5	6/6/2018 0:00
f72dc5627bd78fb840c136295ae345f5	07f6c3baf9ac86865b60f640c4f923c6	1	3/25/2018 0:00
fab6aa1b4c382a27ae8625faa342c229	0ab7fb08086d4af9141453c91878ed7a	4	4/14/2018 0:00
32b5d92aea4dfceb653539959c02396f	0d8e03520c1b877edaf5ef24f7abb5cb	5	6/12/2018 0:00
901bca3d318d8b738e31ae94132f1c17	0dbcaa88e213607d3795e96eda505c73	5	7/8/2018 0:00
3284123fab006f841f03fe35b9ad7f04	0fcddd81b836920211d255a9bd25ae50	5	10/31/2017 0:00
29c6acc0a40a4270b82cc766f6458047	11c8a3b7adc8c5c3f5ae4f0257c5e953	5	10/20/2017 0:00
e72cfaf74b8d294957e557aeb8547931	17a9050c446ea78f7108b7a5515aa438	5	6/13/2017 0:00
680cceb79d756ba137bddf4aa071572e	1839b1db32d5ea90a7fc3ca19bdd16ad	4	12/2/2017 0:00
e76691b5b361d24a2ce3a7d5beae25c9	1bd518c15ee16570e9b8c8e29fde9ab6	5	8/8/2018 0:00
0435be20ac550ab003076456797abb65	1f7c1b144b5b6d0a4339bd2e7ce499ac	4	3/13/2018 0:00
71331bdbd621d68216e135532172a242	20b93906f0b1d44ad5e6c166ab370ba7	5	4/14/2017 0:00
56647f8fbe7430f42719c0510d99e636	21a00b08cbeb5716bbb66105e3dbd850	1	8/25/2018 0:00
5cb9e34468bf4ad65598dd4108ac2b75	2346e1104a4b18a23e6dc6a87c2d1b8c	5	9/15/2017 0:00
e18443b78ee9f058912366f8a01c397a	246161390a20f964881feeaeea896671	5	2/7/2018 0:00
67a928858fe0b837e9e374ff33d84c1e	263ba12390d0fbce329dd16da8cd20f8	4	6/23/2018 0:00
869696516d580a0871642308af4301f2	2927b6be262c5528b8135e5d330c00f9	4	6/5/2018 0:00
238e7cc8c4579a3d4db8f2a211db5b06	316a104623542e4d75189bb372bc5f8d	5	3/7/2017 0:00
e67055ff2d90cdc3299b6af2d5dfa231	333d224f4b2d2604e6cfd777af5270d2	5	3/1/2018 0:00
e2b6f30b9c45cf84b965172279b14bac	378d1ac3d8e22dd46990757398ae8500	4	8/11/2018 0:00
dbc518e2873392698db626985657a407	393654d81daf611630ac2068a7c9b12b	5	11/8/2017 0:00
91a1eb80de44784abc44eda404a79130	3cf2ae4128b7627b6d9dacd45887cba7	4	3/9/2018 0:00
88d494bbbff85951dbfb1bfbec927349	3ea8ef64da06a959e384edb7cb824c02	4	6/13/2017 0:00
15c9136f43468a8428316d9871eaf14d	3ea8ef64da06a959e384edb7cb824c02	4	6/6/2017 0:00
dca740d6b8869a20d8e4c99996ae12bf	3ecc3564cd9c6190ef2a103f37351bb9	5	1/11/2018 0:00
36952158d7ad556c68e60516f6160dfa	40e61df3e13139ca0731f9f2d68732b5	5	6/15/2018 0:00
f05892c90c349c0dd8e480a9302368e2	41a75aec932b24ba50e98ba8b50b625d	2	3/14/2018 0:00
554e780c4f4a091b9449f31b3b3d4b22	47dc3a1de5a0aec4323cdade0588655c	1	2/2/2018 0:00
f1ed520a31ec2b35f273c0586d08f2b5	4d6f99dd1c15b51cdaf72f7b14223d26	5	4/10/2018 0:00
92b74b743c6f5abe4d160efac70259af	4ed7a5d31f58c9c3b20a61e3927db6d9	5	5/13/2018 0:00
738aa141bc5bba253b3899ac1703650b	52cfb42088bb202a56a77b48a3051baa	5	3/14/2017 0:00
b6ff098401ec84fd6cecf46f4eb9c124	5476692f5bd7809bea1c3e1b737f9246	5	1/27/2018 0:00
20170c6a359982a3796022dce350e4bc	567cb4e829743d8cc4dd3dc72b6d7136	2	6/9/2018 0:00
17b63eef8b87d8d873b698eaffca2ff2	574fb93317faefb9a2dc2e9facef54bd	4	5/1/2018 0:00
c3a9be1f602ecba1c7bdff5639c975fe	5825ce2e88d5346438686b0bba99e5ee	5	9/14/2017 0:00
fd7b41b795fa4d9ff97b10984b2c799e	5c11e238c0563cab5491de26eb68f99a	4	3/24/2018 0:00
65645c124061b43b2edc38b05ee76aab	5f79b5b0931d63f1a42989eb65b9da6e	1	11/29/2017 0:00
08fbc831aeaed1ebc48da757ac69352e	604970dd9342c16efde4207c42f38f2d	4	6/23/2017 0:00
5e45448c66b9c664006ea6829360b9ac	63d8235747e25f4b65895e91ff64d778	4	4/21/2018 0:00
9fc1ef2d9eef8c641861596d9a9268e7	68fb895df51e234a55fbf5c30c873fd2	5	4/26/2018 0:00
066c43070164798d957be252620f5fbe	6bf735a4c4886608f57fda916dfa6225	5	2/1/2018 0:00
4a5c9ae53c5b755c0cbbdd8d8e6261ee	7182e129d91eb324a925d8f1f8221d88	5	10/14/2017 0:00
b26afa1bf40c76bc4f3e14a5054688ec	71db292c69a2bff7186b705046336c61	5	12/7/2017 0:00
a8cee4ce63672b52e482b70236244484	728416b0db65935dbf78a0cc03e8d6f8	1	2/22/2018 0:00
da79809b6e0b3245998cb8311a683c29	7509d9e6878341d7b8d48945529c94e3	5	4/25/2018 0:00
1ea2be10349982d547e96f3144afe5d0	79ec7fcffa4121dbb55b945aee306e12	1	2/7/2018 0:00
6ef93a678e565b8136177a7d8639e8d8	7ad292313f72d59700c72169ba543021	5	10/4/2017 0:00
d2c096147a2da493211ada11527ef085	7afca88a125dd0c2b912bbf82c0496a4	1	12/7/2017 0:00
b8fab172a4c5588e3a435f451e4c911f	7e47dbecc85ae7f45a4645b97b180157	2	11/18/2017 0:00
6c035933a41f17dca6d63bd5ff03291f	8603de8fb5551ed7faf81d2a31b8bf0e	1	7/7/2017 0:00
902afe191efb67101544ed844186598a	86be4ae55b020c490fa71d3a9d9af442	5	12/3/2017 0:00
566976f5a2e1db811f023fbbfd1906c0	87500eb4c129524a989447f3fb4d5c8d	1	3/8/2018 0:00
494c3989426b2271e20bbac41e6acf96	8c3d752c5c02227878fae49aeaddbfd7	5	12/27/2017 0:00
3b09531cde6a6c6dbce355d0fa1fda8a	8f90bd287474f07e918f11e649848539	3	10/10/2017 0:00
c2c57c4d9905458ef927a03a36733a17	92b678b4a340519864bc48f15ec27285	5	4/6/2018 0:00
169b01392f191495057e1f2b4ddc9d0f	92c15142e314731cebdb5b1cd25962ac	5	1/21/2018 0:00
a3da1aa1e35c62452bf92d36872d015a	93dbea6be0ad39924a14fe9360679560	4	2/22/2018 0:00
8ca588fea077eefd77e44c2b90cd0b20	96c833757e09a989bb5c13d0470d7f2a	4	5/3/2018 0:00
a2d701723b00c91ff8f28016a0e2ce04	9974509c32cb0fbfa567244ba1c29a64	4	1/20/2018 0:00
f149a8ca142b2324fd2578f67eaacd4b	9b961b894e797f63622137ff7eb1c1af	5	8/21/2018 0:00
b46e09ab43aa0103f24677cd191b1ab7	9bd75a47121bac1956e6b353776128b1	5	5/30/2017 0:00
e5d655fa0cb1aa2f1f12ccb1b6059a43	9f1e6ff8c7baef38bcdfa9b804b4c552	4	5/18/2018 0:00
862cae301754fcafa8129022c8eca937	a44895d095d7e0702b6a162fa2dbeced	4	7/26/2017 0:00
d92b28e1533de65ba31b2d6756a72faf	a45f5764071ee5b932d1f802e18bafcf	5	1/23/2018 0:00
c3bb43fcef194cf11fa37aaae37445b9	a6c173f716aac4c915299b74fb4e0b10	5	6/25/2017 0:00
79bacc382cb9cd8c587b2a0782ce1d18	a9433e2f724570bead3613996a8857f7	5	12/1/2017 0:00
23a421a0ecae4b38f84d1bb11da00d6d	afacb4d50c5827bd19cc5e0c7e3d307e	5	8/25/2018 0:00
d2590cbc4b659df8608652db29ddb6e1	b1e9076d07f0a18048ce3182655825f8	5	8/10/2018 0:00
9fe18983d9ac3ebdd0c2d7ca8630db62	b245a355c20f011bd92122803bd0f5c3	1	9/16/2017 0:00
7db8b450a6d9791cb6ac3bcaf591d79e	b60b122b336eaee3323565272f117bec	3	1/17/2018 0:00
6286461325b33ea3d84b5c3d244cb100	b7daca2d24a93ab9351485e0bdcbb7e6	2	8/1/2018 0:00
283ae035dc60538aa6d786eee8e62d83	bc3e295306ee4d3eba91aca49b0bb539	5	10/17/2017 0:00
f650b8a774ddae992301b52f601b6973	bcdabfbcff6df68926c4176cf4c138c3	4	2/27/2018 0:00
570d7c0751c8fc3d1b64ae8d5e2987fb	c208db5638f7f1cd04d185856852f864	3	3/25/2017 0:00
67c4686d928dcf75d7f59e6030689984	c524e7bd2510f74fed9e94b894472306	5	8/17/2018 0:00
844089431635bd6dbb86faecf17d3bf9	cabfe1219e952ead9a914adde40efc42	5	12/13/2017 0:00
b6143c22244e423f17986e11bc68798f	ccac33950ffc27cb905dbcdfb099494a	1	12/20/2017 0:00
c20a74ca915137c7f0260c2cbfa3f5d4	ccfcc7f58cf5619fc40593dffc299a9f	5	4/5/2018 0:00
0d75b37580942d4a2aa611ba76f76b8f	cd16e890b276ec7a7e2e93ba379339e1	5	4/17/2018 0:00
2bf2913f793ffd3739c41cccfc43c8c5	cd3558a10d854487b4f907e9b326a4fc	1	4/21/2017 0:00
63cf523f1135a87ca583799c7676da95	cd866ebb9aa10bfa70f22d11e82bc4e9	3	7/26/2018 0:00
86bc93ffdabece0dcf7815b9235b2154	cee9b5953fbfa530733f94ddce959a15	3	8/9/2017 0:00
a8e9e483574cfa9e973a7ec23994dfa0	cf4eb4d5203f0c0d14f191c15de0743e	4	8/25/2017 0:00
8dcb849b13b11f9cb744d07828962965	cfde948cbe426f37ac61e0f04215a5f3	4	5/10/2017 0:00
ccd62a844f90f7601ba950bc9bc2e21e	e3d651007ef1548b71b4285ca0f484e4	5	8/19/2018 0:00
95a280b219d7a8061e2625291a7e1b83	e4474c18ee6216f7deac308805b4ef1e	1	1/4/2018 0:00
20fdc8e70b6cbcdf921f139b0460d9e7	e4606fed871d036cbc9acbbd4e3282f1	5	1/11/2018 0:00
a27ed57683bc46af8a91e709ec94f693	e4c77eec895c98ee6919f8d872614ee5	5	5/10/2018 0:00
2fb3b29dfeb69d80249fcefb5af0b278	e531f04ac27aac6bf0cba03986415776	1	5/9/2018 0:00
d746d72474bc26ba95ff0970714aac06	ed6f828ab9f3f7383d3ba2115000bf34	4	5/4/2018 0:00
054e642a55f36a6526538cdadd72c253	ee8dd407e306b0808fd6fddc17ea6f78	5	4/19/2018 0:00
23fa14c02b3f4afe82b700e09558a7d6	f1c678e4d14a34ff56f675634bce6b15	5	2/17/2017 0:00
6e358d5462a9c5a8134fade0f7e7f768	f22420a030f491fdcaabbc5573a9ff39	5	1/21/2018 0:00
d50791ccc55c7f5ff8fde67e7c3baf59	fa906f338cee30a984d0945b3832e431	5	10/3/2017 0:00
17d7cae5878c2319d1ddaeb3f647950c	fa9f5a4655d840e1de98632fa80c98f4	5	5/6/2017 0:00
8bd7e556d74efbd9777c1a0b0136c2b2	fd08c88095ca23b6188a30f0abc679e3	4	12/20/2017 0:00
c73fbcb7c78f23bc776193762cc17ca5	ff767a5901c39fba72b1b8eade30d691	4	2/21/2018 0:00
ff92e001aeb2af2a5324edef13cffa30	53622f13efcb7f159787ccafac6626cb	5	6/27/2018 0:00
\.


--
-- TOC entry 4881 (class 0 OID 16666)
-- Dependencies: 221
-- Data for Name: sellers; Type: TABLE DATA; Schema: public; Owner: postgres
--

COPY public.sellers (seller_id, seller_zipcode, seller_city, seller_state) FROM stdin;
2a1348e9addc1af5aaa619b1a3679d6b	30494	belo horizonte	MG
c013e57c075a06e5b5c48ee03c525719	13568	sao carlos	SP
7178f9f4dd81dcef02f62acdf8151e01	89560	videira	SC
7aa4334be125fcdd2ba64b3180029f14	18500	laranjal paulista	SP
9f505651f4a6abe901a56cdc21508025	4102	sao paulo	SP
744dac408745240a2c2528fb1b6028f3	83408	colombo	PR
cbd996ad3c1b7dc71fd0e5f5df9087e2	15081	sao jose do rio preto	SP
8b321bb669392f5163d04c59e235e066	1212	sao paulo	SP
aced59e9b31ef866a94f9e7f29d8d418	3306	sao paulo	SP
0176f73cc1195f367f7b32db1e5b3aa8	14940	ibitinga	SP
e1c76f339ebd5460999f25a2aa8c92c5	3029	sao paulo	SP
cfb1a033743668a192316f3c6d1d2671	18110	votorantim	SP
1f50f920176fa81dab994f9023523100	15025	sao jose do rio preto	SP
26b482dccfa29bd2e40703ba45523702	13450	santa barbara doeste	SP
e5a38146df062edaf55c38afa99e42dc	1233	sao paulo	SP
c3cfdc648177fdbbbb35635a37472c53	80610	curitiba	PR
2138ccb85b11a4ec1e37afbd1c8eda1f	8250	sao paulo	SP
e9779976487b77c6d4ac45f75ec7afe9	11701	praia grande	SP
e5a3438891c0bfdb9394643f95273d8e	13483	limeira	SP
6c7d50c24b3ccd2fd83b44d8bb34e073	19025	presidente prudente	SP
f680f85bee2d253556ac91be391d2c82	6365	carapicuiba	SP
6560211a19b47992c3666cc44a7e94c0	5849	sao paulo	SP
d97df38225e5abadaff1e72cb72b823c	9560	sao caetano do sul	SP
e63e8bfa530fb16910dd6956e592bb81	7160	guarulhos	SP
b1b3948701c5c72445495bd161b83a4c	3390	sao paulo	SP
ea8482cd71df3c1969d7b9473ff13abc	4160	sao paulo	SP
18a349e75d307f4b4cc646a691ed4216	1319	sao paulo	SP
aafe36600ce604f205b86b5084d3d767	88115	sao jose	SC
52a50b42accf164f9f019941e5759d9b	13820	monte alegre do sul	SP
3985a3c45be355a4c57fde108bfabd1c	95690	rolante	RS
dbc22125167c298ef99da25668e1011f	37564	borda da mata	MG
fc906263ca5083d09dce42fe02247800	31030	belo horizonte	MG
7a241947449cc45dbfda4f9d0798d9d0	37590	jacutinga	MG
d2374cbcbb3ca4ab1086534108cc3ab7	14940	ibitinga	SP
17ca9b9e9b9ef8fdb529001b49ebb50f	32677	betim	MG
7008613ea464bad5cb9b83456e1e6a8f	89460	canoinhas	SC
1b8356dabde1d35e17cef975c3f82730	3477	sao paulo	SP
968268a686aa05d1f529fb07dff08130	1530	sao paulo	SP
79ed755314cfe6df0daef2c6cd3022cd	13503	rio claro	SP
2c9e548be18521d1c43cde1c582c6de8	8752	mogi das cruzes	SP
b2ba3715d723d245138f291a6fe42594	3470	sao paulo	SP
855668e0971d4dfd7bef1b6a4133b41b	13257	itatiba	SP
6bb0724edf0b62fb91ac404873a97241	6700	cotia	SP
bf84056e679dbe9c69929847a40e338f	2537	sao paulo	SP
8090490573c6c0aa343a7231ebcb8c86	4130	sao paulo - sp	SP
4c2b230173bb36f9b240f2b8ac11786e	3933	sao paulo	SP
4e922959ae960d389249c378d1c939f5	12327	jacarei	SP
c6381d2d013342748761e906d45aff76	93180	portao	RS
c500367424994318b9e779ff1ae9a330	13145	paulinia	SP
41b86b552e54e3a7009596125aa8b167	2470	sao paulo	SP
0241d4d5d36f10f80c644447315af0bd	80330	curitiba	PR
da8622b14eb17ae2831f4ac5b9dab84a	13405	piracicaba	SP
620c87c171fb2a6dd6e8bb4dec959fc6	25645	petropolis	RJ
adbc26658d6c7b4b6219f9d934598091	81770	curitiba	PR
bb135baca94c82fcb731335ad5b04a03	4362	sao paulo	SP
6c6cc59a5c00cacc5054ca06d65cc282	97110	santa maria	RS
cca3071e3e9bb7d12640c9fbe2301306	14940	ibitinga	SP
788e857f317e53de488d393e65a80f45	8280	sao paulo	SP
efcd8d2104f1a05d028af7bad20d974b	16012	aracatuba	SP
f27e33c6d29b5138fa9967bcd445b6d5	4273	sao paulo	SP
0d85bbda9889ce1f7e63778d24f346eb	38414	uberlandia	MG
9de4643a8dbde634fe55621059d92273	89225	joinville	SC
7a67c85e85bb2ce8582c35f2203ad736	3426	sao paulo	SP
bcc9dd23e2a8bd8267cf92b19304a1b9	14940	ibitinga	SP
86ccac0b835037332a596a33b6949ee1	89041	blumenau	SC
f4aba7c0bca51484c30ab7bdc34bcdd1	1031	sao paulo	SP
1da3aeb70d7989d1e6d9b0e887f97c23	4265	sao paulo	SP
8ae520247981aa06bc94abddf5f46d34	88370	navegantes	SC
ac3508719a1d8f5b7614b798f70af136	92030	canoas	RS
4a3ca9315b744ce9f8e9374361493884	14940	ibitinga	SP
634964b17796e64304cadf1ad3050fb7	21840	rio de janeiro	RJ
4a3ccda38b2129705f3fb522db62ca31	17504	marilia	SP
e5e33c0d8e7e002f398f5dc4cbbb338f	17032	bauru	SP
92eb0f42c21942b6552362b9b114707d	3504	sao paulo	SP
b76a1f8356322f12529c37b67d5c96c2	11015	santos	SP
ad8b531ae67582f096925cff5630d0d1	84172	castro	PR
dfc5fb7259bb2b599ca565e6e9448f0f	9780	sao bernardo do campo	SP
46dc3b2cc0980fb8ec44634e21d2718e	22240	rio de janeiro	RJ
1900267e848ceeba8fa32d80c1a5f5a8	14940	ibitinga	SP
c70c1b0d8ca86052f45a432a38b73958	13186	hortolandia	SP
\.


--
-- TOC entry 4716 (class 2606 OID 16593)
-- Name: customers customers_pkey; Type: CONSTRAINT; Schema: public; Owner: postgres
--

ALTER TABLE ONLY public.customers
    ADD CONSTRAINT customers_pkey PRIMARY KEY (customer_id);


--
-- TOC entry 4718 (class 2606 OID 16609)
-- Name: orders orders_pkey; Type: CONSTRAINT; Schema: public; Owner: postgres
--

ALTER TABLE ONLY public.orders
    ADD CONSTRAINT orders_pkey PRIMARY KEY (order_id);


--
-- TOC entry 4722 (class 2606 OID 16647)
-- Name: products products_pkey; Type: CONSTRAINT; Schema: public; Owner: postgres
--

ALTER TABLE ONLY public.products
    ADD CONSTRAINT products_pkey PRIMARY KEY (product_id);


--
-- TOC entry 4720 (class 2606 OID 16630)
-- Name: reviews reviews_pkey; Type: CONSTRAINT; Schema: public; Owner: postgres
--

ALTER TABLE ONLY public.reviews
    ADD CONSTRAINT reviews_pkey PRIMARY KEY (review_id);


--
-- TOC entry 4724 (class 2606 OID 16670)
-- Name: sellers sellers_pkey; Type: CONSTRAINT; Schema: public; Owner: postgres
--

ALTER TABLE ONLY public.sellers
    ADD CONSTRAINT sellers_pkey PRIMARY KEY (seller_id);


--
-- TOC entry 4729 (class 2606 OID 16680)
-- Name: orderdetails orderdetails_order_id_fkey; Type: FK CONSTRAINT; Schema: public; Owner: postgres
--

ALTER TABLE ONLY public.orderdetails
    ADD CONSTRAINT orderdetails_order_id_fkey FOREIGN KEY (order_id) REFERENCES public.orders(order_id);


--
-- TOC entry 4730 (class 2606 OID 16685)
-- Name: orderdetails orderdetails_product_id_fkey; Type: FK CONSTRAINT; Schema: public; Owner: postgres
--

ALTER TABLE ONLY public.orderdetails
    ADD CONSTRAINT orderdetails_product_id_fkey FOREIGN KEY (product_id) REFERENCES public.products(product_id);


--
-- TOC entry 4731 (class 2606 OID 16690)
-- Name: orderdetails orderdetails_seller_id_fkey; Type: FK CONSTRAINT; Schema: public; Owner: postgres
--

ALTER TABLE ONLY public.orderdetails
    ADD CONSTRAINT orderdetails_seller_id_fkey FOREIGN KEY (seller_id) REFERENCES public.sellers(seller_id);


--
-- TOC entry 4725 (class 2606 OID 16610)
-- Name: orders orders_customer_id_fkey; Type: FK CONSTRAINT; Schema: public; Owner: postgres
--

ALTER TABLE ONLY public.orders
    ADD CONSTRAINT orders_customer_id_fkey FOREIGN KEY (customer_id) REFERENCES public.customers(customer_id);


--
-- TOC entry 4726 (class 2606 OID 16620)
-- Name: payments payments_order_id_fkey; Type: FK CONSTRAINT; Schema: public; Owner: postgres
--

ALTER TABLE ONLY public.payments
    ADD CONSTRAINT payments_order_id_fkey FOREIGN KEY (order_id) REFERENCES public.orders(order_id);


--
-- TOC entry 4728 (class 2606 OID 16660)
-- Name: productdim productdim_product_id_fkey; Type: FK CONSTRAINT; Schema: public; Owner: postgres
--

ALTER TABLE ONLY public.productdim
    ADD CONSTRAINT productdim_product_id_fkey FOREIGN KEY (product_id) REFERENCES public.products(product_id);


--
-- TOC entry 4727 (class 2606 OID 16631)
-- Name: reviews reviews_order_id_fkey; Type: FK CONSTRAINT; Schema: public; Owner: postgres
--

ALTER TABLE ONLY public.reviews
    ADD CONSTRAINT reviews_order_id_fkey FOREIGN KEY (order_id) REFERENCES public.orders(order_id);


-- Completed on 2024-04-23 18:47:45

--
-- PostgreSQL database dump complete
--

